region,ref_pos_start,ref_pos_end,comment
PR,10,11,These regions specify amino acid positions
PR,20
PR,23,24
PR,30
PR,32,33
PR,35
PR,43
PR,46,48
PR,50
PR,53,54
PR,58
PR,71
PR,73,74
PR,76
PR,82,84
PR,88,90
RT,40,41
RT,44
RT,62
RT,65,71
RT,74,75
RT,77
RT,90
RT,98
RT,100,101
RT,103
RT,106
RT,108
RT,115,116
RT,138
RT,151
RT,179
RT,181
RT,184
RT,188
RT,190
RT,210
RT,215
RT,219
RT,221
RT,225
RT,227
RT,230
RT,236
RT,238
RT,318
RT,348
INT,66
INT,92
INT,121
INT,140
INT,143
INT,148
INT,155
GP41,36,40
GP41,42,45
HCV1A-H77-NS3,36
HCV1A-H77-NS3,43
HCV1A-H77-NS3,54
HCV1A-H77-NS3,80
HCV1A-H77-NS3,122
HCV1A-H77-NS3,155,156
HCV1A-H77-NS3,168
HCV1A-H77-NS3,170
V3LOOP,1,14
V3LOOP,17,36
HCV1A-H77-NS5b,1,551
HLA-B,486,755,This region specifies nucleotide positions
HLA-B,1002,1277